Ref,Val,Package,PosX,PosY,Rot,Side
"C1","2u2","C_0805",83.820000,-95.225500,90.000000,top
"C2","2u2","C_0805",161.505000,-74.295000,0.000000,top
"C3","2u2","C_0805",118.999000,-74.295000,180.000000,top
"C4","2u2","C_0805",81.065000,-74.295000,180.000000,top
"C5","2u2","C_0805",157.480000,-95.225500,90.000000,top
"C6","2u2","C_0805",137.795000,-91.821000,180.000000,top
